name	pool	seq	length	%GC	tm
"21,662 F"	nCoV-2019_3	CGTGGTGTTTATTACCCTGACAAAG	25	44	37.4
"21,825 R"	nCoV-2019_3	TCATTAAATGGTAGGACAGGGTTATCA	27	37	None
"21,866 F"	nCoV-2019_3	AGAGGCTGGATTTTTGGTACTACT	24	41.7	None
"22,035 R"	nCoV-2019_3	CTGAACTCACTTTCCATCCAACTT	24	41.7	None
22073 F 169 Left	nCoV-2019_3	TCTCTCAGCCTTTTCTTATGGACC	24	45.8	None
"22,253 R"	nCoV-2019_3	TTGGCAAATCTACCAATGGTTCTAAA	26	34.6	41
gap3 F	nCoV-2019_3	ATTCCGCATCATTTTCCACTTTTAAGT	27	33.3	40.6
22869 K417N R	nCoV-2019_3	CAAGCTATAACGCAGCCTGTAA	22	45.5	40
175b left 	nCoV-2019_3	TCTATCAGGCCGGTAGCACA	20	55	46.5
175c right	nCoV-2019_3	AAAGAAAGTACTACTACTCTGTATGGTTGGT	31	35.5	31.4
gap5b left	nCoV-2019_3	TTCTACATGCACCAGCAACTGTTTGTG	27	44.4	56.4
A570D probe R	nCoV-2019_3	TCACGGACAGCATCAGTAGT	20	50	33.5
177 F old	nCoV-2019_3	CTTGACATTACACCATGTTCTTTTGG	26	38.5	37.5
177 R old	nCoV-2019_3	CCAAGTAGGAGTAAGTTGATCTGCA	25	44	41.2
"23,494 F P681H Fv2"	nCoV-2019_3	AACACGTGCAGGCTGTTTAA	20	45	None
"23,643 R P681H v2"	nCoV-2019_3	GCAATGATGGATTGACTAGCTACA	24	41.7	43.9
"23,647 F T716I"	nCoV-2019_3	CACTATGTCACTTGGTGCAGAAA	23	43.5	33
"23,811 R"	nCoV-2019_3	CTGCATTCAGTTGAATCACCACAAA	25	40	42.4
"24,182 F"	nCoV-2019_3	ACTTCTGCACTGTTAGCGGGTACA	24	50	38.9
"24,311 R"	nCoV-2019_3	AGAGAACATTCTGTGTAACTCCAATAC	27	37	41.1
"24,520 F"	nCoV-2019_3	AGTTGAGGCTGAAGTGCAAATTGA	24	41.7	34
"24,669 R"	nCoV-2019_3	TGTCCAAGTACACACTCTGACATT	24	41.7	38.9
24794 F D118H	nCoV-2019_3	GCTCCTGCCATTTGTCATGAT	21	47.6	None
24946 R D118H	nCoV-2019_3	AACATCACAGTTACCAGACACAAA	24	37.5	None